<?xml version="1.0" encoding="UTF-8" standalone="yes"?>
<addon id="repository.Piratebr" name="REPOSITÓRIO PirateBR" version="0.0.1" provider-name="Piratebr">
	<extension point="xbmc.addon.repository" name="repository.Piratebr">	
		    <info compressed="false">https://raw.githubusercontent.com/Piratebr/repository.Piratebr/main/addons.xml</info>
		    <checksum>https://raw.githubusercontent.com/Piratebr/repository.Piratebr/main/addons.xml.md5</checksum>
		    <datadir zip="true">https://raw.githubusercontent.com/Piratebr/repository.Piratebr/main/</datadir>
		<dir minversion="18.9.1" maxversion="19.9.0">
			<info compressed="true">https://raw.githubusercontent.com/Piratebr/repository.Piratebr/main/matrix/addons.xml</info>
			<checksum>https://raw.githubusercontent.com/Piratebr/repository.Piratebr/main/matrix/addons.xml.md5</checksum>
			<datadir zip="true">https://raw.githubusercontent.com/Piratebr/repository.Piratebr/main/matrix/</datadir>
		</dir>
	</extension>
    <extension point="xbmc.addon.metadata">
        <summary>Piratebr</summary>
        <description>INSTALAÇÃO VIA LINK</description>
        <disclaimer></disclaimer>
        <platform>all</platform>
        <assets>
            <icon>icon.png</icon>
            <fanart>fanart.jpg</fanart>
        </assets>
    </extension>
</addon>